Cruise,Station,Type,Date_Time,Longitude_[decimal_degrees_east],Latitude_[decimal_degrees_north],Bottom_Depth_[m],Cast_Number,Depth_[m],Bottle_Number,DOC_[umoles/L],Quality_flag
TGX201809,GAK1,B,2018-09-12T19:43:12,-149.4822,59.846,268,3,2.72,15,84.03,1
TGX201809,GAK1,B,2018-09-12T19:41:34,-149.4822,59.846,268,3,10.24,12,88.37,1
TGX201809,GAK1,B,2018-09-12T19:40:24,-149.4822,59.846,268,3,19.98,11,81.89,1
TGX201809,GAK1,B,2018-09-12T19:39:18,-149.4822,59.846,268,3,30.75,10,67.37,1
TGX201809,GAK1,B,2018-09-12T19:38:20,-149.4822,59.846,268,3,41.05,9,104.71,1
TGX201809,GAK1,B,2018-09-12T19:37:20,-149.4822,59.846,268,3,51.16,8,112.06,1
TGX201809,GAK1,B,2018-09-12T19:35:48,-149.4822,59.846,268,3,77,7,64.99,1
TGX201809,GAK1,B,2018-09-12T19:31:41,-149.4822,59.846,268,3,151.45,4,76.31,1
TGX201809,GAK5,B,2018-09-13T17:37:31,-148.9175,59.2448,168,12,2.43,13,85.71,1
TGX201809,GAK5,B,2018-09-13T17:36:19,-148.9175,59.2448,168,12,10.07,12,81.32,1
TGX201809,GAK5,B,2018-09-13T17:35:20,-148.9175,59.2448,168,12,19.67,9,76.59,1
TGX201809,GAK5,B,2018-09-13T17:33:56,-148.9175,59.2448,168,12,29.48,8,66.74,1
TGX201809,GAK5,B,2018-09-13T17:33:05,-148.9175,59.2448,168,12,40.12,7,113.11,1
TGX201809,GAK5,B,2018-09-13T17:32:10,-148.9175,59.2448,168,12,50.4,6,74.91,1
TGX201809,GAK5,B,2018-09-13T17:30:33,-148.9175,59.2448,168,12,75.87,5,69.13,1
TGX201809,GAK5,B,2018-09-13T17:26:20,-148.9175,59.2448,168,12,153.74,2,98.46,1
TGX201809,GAK9,B,2018-09-14T18:38:09,-148.3483,58.6762,280,21,2.94,15,122.68,1
TGX201809,GAK9,B,2018-09-14T18:36:48,-148.3483,58.6762,280,21,9.92,13,92.57,1
TGX201809,GAK9,B,2018-09-14T18:35:41,-148.3483,58.6762,280,21,20.34,11,99.68,1
TGX201809,GAK9,B,2018-09-14T18:34:49,-148.3483,58.6762,280,21,30.09,10,90.03,1
TGX201809,GAK9,B,2018-09-14T18:33:46,-148.3483,58.6762,280,21,39.68,9,197.31,1
TGX201809,GAK9,B,2018-09-14T18:32:49,-148.3483,58.6762,280,21,50.17,8,66.8,1
TGX201809,GAK9,B,2018-09-14T18:31:45,-148.3483,58.6762,280,21,75.54,7,139.65,1
TGX201809,GAK9,B,2018-09-14T18:27:54,-148.3483,58.6762,280,21,152.86,4,90,1
TGX201809,GAK15,B,2018-09-15T16:50:46,-147.5008,57.79,4555,27,10.09,10,167.25,1
TGX201809,GAK15,B,2018-09-15T16:43:47,-147.5008,57.79,4555,27,76.42,2,154.64,1
TGX201809,GAK15,B,2018-09-15T18:35:06,-147.496,57.7927,4555,28,2.69,15,81.63,1
TGX201809,GAK15,B,2018-09-15T18:32:49,-147.496,57.7927,4555,28,19.77,12,130.34,1
TGX201809,GAK15,B,2018-09-15T18:31:50,-147.496,57.7927,4555,28,31.12,10,102.44,1
TGX201809,GAK15,B,2018-09-15T18:31:05,-147.496,57.7927,4555,28,40.79,9,138.73,1
TGX201809,GAK15,B,2018-09-15T18:30:05,-147.496,57.7927,4555,28,50.7,8,169.89,1
TGX201809,GAK15,B,2018-09-15T18:26:37,-147.496,57.7927,4555,28,151.06,6,58.81,1
TGX201809,KOD10,B,2018-09-16T18:06:18,-149.7657,57.2105,2500,31,2.82,15,64.8,1
TGX201809,KOD10,B,2018-09-16T18:05:11,-149.7657,57.2105,2500,31,10.08,13,64.4,1
TGX201809,KOD10,B,2018-09-16T18:04:15,-149.7657,57.2105,2500,31,19.67,12,65.3,1
TGX201809,KOD10,B,2018-09-16T18:03:21,-149.7657,57.2105,2500,31,29.78,11,64.3,1
TGX201809,KOD10,B,2018-09-16T18:02:31,-149.7657,57.2105,2500,31,39.95,9,59.1,1
TGX201809,KOD10,B,2018-09-16T18:01:31,-149.7657,57.2105,2500,31,50.48,8,56.7,1
TGX201809,KOD10,B,2018-09-16T18:00:18,-149.7657,57.2105,2500,31,76.64,7,55.2,1
TGX201809,KOD10,B,2018-09-16T17:58:30,-149.7657,57.2105,2500,31,150.97,6,52.8,1
TGX201809,KOD5,B,2018-09-17T19:33:17,-150.76,57.7843,86,37,2.59,9,64.6,1
TGX201809,KOD5,B,2018-09-17T19:32:10,-150.76,57.7843,86,37,9.63,7,66.6,1
TGX201809,KOD5,B,2018-09-17T19:31:19,-150.76,57.7843,86,37,19.96,6,64.6,1
TGX201809,KOD5,B,2018-09-17T19:30:29,-150.76,57.7843,86,37,30.76,5,63.7,1
TGX201809,KOD5,B,2018-09-17T19:29:45,-150.76,57.7843,86,37,40.59,4,62.3,1
TGX201809,KOD5,B,2018-09-17T19:28:53,-150.76,57.7843,86,37,50.88,3,60,1
TGX201809,KOD5,B,2018-09-17T19:27:40,-150.76,57.7843,86,37,76.32,2,61.4,1
TGX201809,KOD1,B,2018-09-18T03:12:34,-151.5952,58.2418,69,41,2.18,7,64.2,1
TGX201809,KOD1,B,2018-09-18T03:11:34,-151.5952,58.2418,69,41,10,6,68.3,1
TGX201809,KOD1,B,2018-09-18T03:10:33,-151.5952,58.2418,69,41,20.23,5,65,1
TGX201809,KOD1,B,2018-09-18T03:09:32,-151.5952,58.2418,69,41,30.35,4,61.4,1
TGX201809,KOD1,B,2018-09-18T03:08:29,-151.5952,58.2418,69,41,40.64,3,60.7,1
TGX201809,KOD1,B,2018-09-18T03:07:29,-151.5952,58.2418,69,41,50.1,2,71.4,1
TGX201809,MID1,B,2018-09-19T15:26:11,-145.5005,60.2537,16,42,2.69,3,67.1,1
TGX201809,MID1,B,2018-09-19T15:25:15,-145.5005,60.2537,16,42,10.12,2,65.8,1
TGX201809,MID2,B,2018-09-19T18:25:20,-145.6487,60.1028,118,45,2.2,12,65.4,1
TGX201809,MID2,B,2018-09-19T18:23:41,-145.6487,60.1028,118,45,9.86,10,66,1
TGX201809,MID2,B,2018-09-19T18:22:57,-145.6487,60.1028,118,45,20.25,7,66.7,1
TGX201809,MID2,B,2018-09-19T18:21:44,-145.6487,60.1028,118,45,29.65,6,61.7,1
TGX201809,MID2,B,2018-09-19T18:20:55,-145.6487,60.1028,118,45,40.7,5,60.4,1
TGX201809,MID2,B,2018-09-19T18:19:31,-145.6487,60.1028,118,45,50.42,4,60.2,1
TGX201809,MID2,B,2018-09-19T18:18:21,-145.6487,60.1028,118,45,75.98,3,60.1,1
TGX201809,MID2,B,2018-09-19T18:16:13,-145.6487,60.1028,118,45,118.85,1,61.7,1
TGX201809,MID5,B,2018-09-20T17:29:47,-146.1077,59.6488,93,57,2.29,10,66.3,1
TGX201809,MID5,B,2018-09-20T17:28:23,-146.1077,59.6488,93,57,9.97,8,66.1,1
TGX201809,MID5,B,2018-09-20T17:27:23,-146.1077,59.6488,93,57,19.95,7,64.7,1
TGX201809,MID5,B,2018-09-20T17:26:21,-146.1077,59.6488,93,57,30.59,5,63.3,1
TGX201809,MID5,B,2018-09-20T17:25:25,-146.1077,59.6488,93,57,40.72,4,60.7,1
TGX201809,MID5,B,2018-09-20T17:24:29,-146.1077,59.6488,93,57,51.03,3,61.4,1
TGX201809,MID5,B,2018-09-20T17:23:25,-146.1077,59.6488,93,57,75.76,2,59.5,1
TGX201809,MID5,B,2018-09-20T17:22:21,-146.1077,59.6488,93,57,93.39,1,61.7,1
TGX201809,MID9,B,2018-09-21T01:48:23,-146.0985,59.067,2900,61,2.14,15,69.4,1
TGX201809,MID9,B,2018-09-21T01:47:20,-146.0985,59.067,2900,61,9.53,14,70.9,1
TGX201809,MID9,B,2018-09-21T01:46:13,-146.0985,59.067,2900,61,20.14,13,72.8,1
TGX201809,MID9,B,2018-09-21T01:45:18,-146.0985,59.067,2900,61,31.11,12,62.4,1
TGX201809,MID9,B,2018-09-21T01:44:26,-146.0985,59.067,2900,61,40.08,11,59.1,1
TGX201809,MID9,B,2018-09-21T01:43:33,-146.0985,59.067,2900,61,49.78,10,58.4,1
TGX201809,MID9,B,2018-09-21T01:42:09,-146.0985,59.067,2900,61,75.73,9,58.3,1
TGX201809,MID9,B,2018-09-21T01:37:54,-146.0985,59.067,2900,61,151.86,6,56.6,1
TGX201809,PWS2,B,2018-09-23T19:20:54,-147.8032,60.5353,737,79,2.12,14,61,1
TGX201809,PWS2,B,2018-09-23T19:19:54,-147.8032,60.5353,737,79,10.25,12,65.6,1
TGX201809,PWS2,B,2018-09-23T19:18:38,-147.8032,60.5353,737,79,20.31,10,62,1
TGX201809,PWS2,B,2018-09-23T19:17:35,-147.8032,60.5353,737,79,30.49,9,57.8,1
TGX201809,PWS2,B,2018-09-23T19:16:14,-147.8032,60.5353,737,79,40,8,58.6,1
TGX201809,PWS2,B,2018-09-23T19:15:12,-147.8032,60.5353,737,79,50.81,7,56.2,1
TGX201809,PWS2,B,2018-09-23T19:13:45,-147.8032,60.5353,737,79,75.9,6,56.2,1
TGX201809,PWS2,B,2018-09-23T19:12:00,-147.8032,60.5353,737,79,151.88,5,59.2,1
